Image,Page
DSC_1322,
DSC_1323,
DSC_1324,
DSC_1325,
DSC_1326,
DSC_1327,
DSC_1328,
DSC_1329,
DSC_1330,
DSC_1331,
DSC_1332,
DSC_1333,
DSC_1334,
DSC_1335,
DSC_1336,
DSC_1337,
DSC_1338,
DSC_1339,
DSC_1340,
DSC_1341,
DSC_1342,
DSC_1343,
DSC_1344,
DSC_1345,
DSC_1346,
DSC_1347,
DSC_1348,
DSC_1349,
DSC_1350,
DSC_1351,
DSC_1352,
DSC_1353,
DSC_1354,
DSC_1355,
DSC_1356,
DSC_1357,
DSC_1358,
DSC_1359,
DSC_1360,
DSC_1361,
DSC_1362,
DSC_1363,
DSC_1364,
DSC_1365,
DSC_1366,
DSC_1367,
DSC_1368,
DSC_1369,
DSC_1370,
DSC_1371,
DSC_1372,
DSC_1373,
DSC_1374,
DSC_1375,
DSC_1376,
DSC_1377,
DSC_1378,
DSC_1379,
DSC_1380,
DSC_1381,
DSC_1382,
DSC_1383,
DSC_1384,
DSC_1385,
DSC_1386,
DSC_1387,
DSC_1388,
DSC_1389,
DSC_1390,
DSC_1391,
DSC_1392,
DSC_1393,
DSC_1394,
DSC_1395,
DSC_1396,
DSC_1397,
DSC_1398,
DSC_1399,
DSC_1400,
DSC_1401,
DSC_1402,
DSC_1403,
DSC_1404,
DSC_1405,
DSC_1406,
DSC_1407,
DSC_1408,
DSC_1409,
DSC_1410,
DSC_1411,
DSC_1412,
DSC_1413,
DSC_1414,
DSC_1415,
DSC_1416,
DSC_1417,
DSC_1418,
DSC_1419,
DSC_1420,
DSC_1421,
DSC_1422,
DSC_1423,
DSC_1424,
DSC_1425,
DSC_1426,
DSC_1427,
DSC_1428,
DSC_1429,
DSC_1430,
DSC_1431,
DSC_1432,
DSC_1433,
DSC_1434,
DSC_1435,
DSC_1436,
DSC_1437,
DSC_1438,
DSC_1439,
DSC_1440,
DSC_1441,
DSC_1442,
DSC_1443,
DSC_1444,
DSC_1445,
DSC_1446,
DSC_1447,
DSC_1448,
DSC_1449,
DSC_1450,
DSC_1451,
DSC_1452,
DSC_1453,
DSC_1454,
DSC_1455,
DSC_1456,
DSC_1457,
DSC_1458,
DSC_1459,
DSC_1460,
DSC_1461,
DSC_1462,
DSC_1463,
DSC_1464,
DSC_1465,
DSC_1466,
DSC_1467,
DSC_1468,
DSC_1469,
DSC_1470,
DSC_1471,
DSC_1472,
DSC_1473,
DSC_1474,
DSC_1475,
DSC_1476,
DSC_1477,
DSC_1478,
DSC_1479,
DSC_1480,
DSC_1481,
DSC_1482,
DSC_1483,
DSC_1484,
DSC_1485,
DSC_1486,
DSC_1487,
DSC_1488,
DSC_1489,
DSC_1490,
DSC_1491,
DSC_1492,
DSC_1493,
DSC_1494,
DSC_1495,
DSC_1496,
DSC_1497,
DSC_1498,
DSC_1499,
DSC_1500,
DSC_1501,
DSC_1502,
DSC_1503,
DSC_1504,
DSC_1505,
DSC_1506,
DSC_1507,
DSC_1508,
DSC_1509,
DSC_1510,
DSC_1511,
DSC_1512,
DSC_1513,
DSC_1514,
DSC_1515,
DSC_1516,
DSC_1517,
DSC_1518,
DSC_1519,
DSC_1520,
DSC_1521,
DSC_1522,
DSC_1523,
DSC_1524,
DSC_1525,
DSC_1526,
DSC_1527,
DSC_1528,
DSC_1529,
DSC_1530,
DSC_1531,
DSC_1532,
DSC_1533,
DSC_1534,
DSC_1535,
DSC_1536,
DSC_1537,
DSC_1538,
DSC_1539,
DSC_1540,
DSC_1541,
DSC_1542,
DSC_1543,
DSC_1544,
DSC_1545,
DSC_1546,
DSC_1547,
DSC_1548,
DSC_1549,
DSC_1550,
DSC_1551,
DSC_1552,
DSC_1553,
DSC_1554,
DSC_1555,
DSC_1556,
DSC_1557,
DSC_1558,
DSC_1559,
DSC_1560,
DSC_1561,
DSC_1562,
DSC_1563,
DSC_1564,
DSC_1565,
DSC_1566,
DSC_1567,
DSC_1568,
DSC_1569,
DSC_1570,
DSC_1571,
DSC_1572,
DSC_1573,
DSC_1574,
DSC_1575,
DSC_1576,
DSC_1577,
DSC_1578,
DSC_1579,
DSC_1580,
DSC_1581,
DSC_1582,
DSC_1583,
DSC_1584,
DSC_1585,
DSC_1586,
DSC_1587,
DSC_1588,
DSC_1589,
DSC_1590,
DSC_1591,
DSC_1592,
DSC_1593,
DSC_1594,
DSC_1595,
DSC_1596,
DSC_1597,
DSC_1598,
DSC_1599,
DSC_1600,
DSC_1601,
DSC_1602,
DSC_1603,
DSC_1604,
DSC_1605,
DSC_1606,
DSC_1607,
DSC_1608,
DSC_1609,
DSC_1610,
DSC_1611,
DSC_1612,
DSC_1613,
DSC_1614,
DSC_1615,
DSC_1616,
DSC_1617,
DSC_1618,
DSC_1619,
DSC_1620,
DSC_1621,
DSC_1622,
DSC_1623,
DSC_1624,
DSC_1625,
DSC_1626,
DSC_1627,
DSC_1628,
DSC_1629,
DSC_1630,
DSC_1631,
DSC_1632,
DSC_1633,
DSC_1634,
DSC_1635,
DSC_1636,
DSC_1637,
DSC_1638,
DSC_1639,
DSC_1640,
DSC_1641,
DSC_1642,
DSC_1643,
DSC_1644,
DSC_1645,
DSC_1646,
DSC_1647,
DSC_1648,
DSC_1649,
DSC_1650,
DSC_1651,
DSC_1652,
DSC_1653,
DSC_1654,
DSC_1655,
DSC_1656,
DSC_1657,
DSC_1658,
DSC_1659,
DSC_1660,
DSC_1661,
DSC_1662,
DSC_1663,
DSC_1664,
DSC_1665,
DSC_1666,
DSC_1667,
DSC_1668,
DSC_1669,
DSC_1670,
DSC_1671,
DSC_1672,
DSC_1673,
DSC_1674,
DSC_1675,
DSC_1676,
DSC_1677,
DSC_1678,
DSC_1679,
DSC_1680,
DSC_1681,
DSC_1682,
DSC_1683,
DSC_1684,
DSC_1685,
DSC_1686,
DSC_1687,
DSC_1688,
DSC_1689,
DSC_1690,
DSC_1691,
DSC_1692,
DSC_1693,
DSC_1694,
DSC_1695,
DSC_1696,
DSC_1697,
DSC_1698,
DSC_1699,
DSC_1700,
DSC_1701,
DSC_1702,
DSC_1703,
DSC_1704,
DSC_1705,
DSC_1706,
DSC_1707,
DSC_1708,
DSC_1709,
DSC_1710,
DSC_1711,
DSC_1712,
DSC_1713,
DSC_1714,
DSC_1715,
DSC_1716,
DSC_1717,
DSC_1718,
DSC_1719,
DSC_1720,
DSC_1721,
DSC_1722,
DSC_1723,
DSC_1724,
DSC_1725,
DSC_1726,
DSC_1727,
DSC_1728,
DSC_1729,
DSC_1730,
DSC_1731,
DSC_1732,
DSC_1733,
DSC_1734,
DSC_1735,
DSC_1736,
DSC_1737,
DSC_1738,
DSC_1739,
DSC_1740,
DSC_1741,
DSC_1742,
DSC_1743,
DSC_1744,
DSC_1745,
DSC_1746,
DSC_1747,
DSC_1748,
DSC_1749,
DSC_1750,
DSC_1751,
DSC_1752,
DSC_1753,
DSC_1754,
DSC_1755,
DSC_1756,
DSC_1757,
DSC_1758,
DSC_1759,
DSC_1760,
DSC_1761,
DSC_1762,
DSC_1763,
DSC_1764,
DSC_1765,
DSC_1766,
DSC_1767,
DSC_1768,
DSC_1769,
DSC_1770,
DSC_1771,
DSC_1772,
DSC_1773,
DSC_1774,
DSC_1775,
DSC_1776,
DSC_1777,
DSC_1778,
DSC_1779,
DSC_1780,
DSC_1781,
DSC_1782,
DSC_1783,
DSC_1784,
DSC_1785,
DSC_1786,
DSC_1787,
DSC_1788,
DSC_1789,
DSC_1790,
DSC_1791,
DSC_1792,
DSC_1793,
DSC_1794,
DSC_1795,
DSC_1796,
DSC_1797,
DSC_1798,
DSC_1799,
DSC_1800,
DSC_1801,
DSC_1802,
DSC_1803,
DSC_1804,
DSC_1805,
DSC_1806,
DSC_1807,
DSC_1808,
DSC_1809,
DSC_1810,
DSC_1811,
DSC_1812,
DSC_1813,
DSC_1814,
DSC_1815,
DSC_1816,
DSC_1817,
DSC_1818,
DSC_1819,
DSC_1820,
DSC_1821,
DSC_1822,
DSC_1823,
DSC_1824,
DSC_1825,
DSC_1826,
DSC_1827,
DSC_1828,
DSC_1829,
DSC_1830,
DSC_1831,
DSC_1832,
DSC_1833,101r
DSC_1834,
DSC_1835,102r
DSC_1836,
DSC_1837,
DSC_1838,
DSC_1839,
DSC_1840,
DSC_1841,
DSC_1842,
DSC_1843,
DSC_1844,
DSC_1845,
DSC_1846,
DSC_1847,
DSC_1848,
DSC_1849,
DSC_1850,
DSC_1851,
DSC_1852,
DSC_1853,
DSC_1854,
DSC_1855,
DSC_1856,
DSC_1857,
DSC_1858,
DSC_1859,
DSC_1860,
DSC_1861,
DSC_1862,
DSC_1863,
DSC_1864,
DSC_1865,
DSC_1866,
DSC_1867,
DSC_1868,
DSC_1869,
DSC_1870,
DSC_1871,
DSC_1872,
DSC_1873,
DSC_1874,
DSC_1875,
DSC_1876,
DSC_1877,
DSC_1878,
DSC_1879,
DSC_1880,
DSC_1881,
DSC_1882,
DSC_1883,
DSC_1884,
DSC_1885,
DSC_1886,
DSC_1887,
DSC_1888,
DSC_1889,
DSC_1890,
DSC_1891,
DSC_1892,
DSC_1893,
DSC_1894,
DSC_1895,
DSC_1896,
DSC_1897,
DSC_1898,
DSC_1899,
DSC_1900,
DSC_1901,
DSC_1902,
DSC_1903,
DSC_1904,
DSC_1905,
DSC_1906,
DSC_1907,
DSC_1908,
DSC_1909,
DSC_1910,
DSC_1911,
DSC_1912,
DSC_1913,
DSC_1914,
DSC_1915,
DSC_1916,
DSC_1917,
DSC_1918,
DSC_1919,
DSC_1920,
DSC_1921,
DSC_1922,
DSC_1923,
DSC_1924,
DSC_1925,
DSC_1926,
DSC_1927,
DSC_1928,
DSC_1929,
DSC_1930,
DSC_1931,
DSC_1932,
DSC_1933,
DSC_1934,
DSC_1935,
DSC_1936,
DSC_1937,
DSC_1938,
DSC_1939,
DSC_1940,
DSC_1941,
DSC_1942,
DSC_1943,
DSC_1944,
DSC_1945,
DSC_1946,
DSC_1947,
DSC_1948,
DSC_1949,
DSC_1950,
DSC_1951,
DSC_1952,
DSC_1953,
DSC_1954,
DSC_1955,
DSC_1956,
DSC_1957,
DSC_1958,
DSC_1959,
DSC_1960,
DSC_1961,
DSC_1962,
DSC_1963,
DSC_1964,
DSC_1965,
DSC_1966,
DSC_1967,
DSC_1968,
DSC_1969,
DSC_1970,
DSC_1971,
DSC_1972,
DSC_1973,
DSC_1974,
DSC_1975,
DSC_1976,
DSC_1977,
DSC_1978,
DSC_1979,
DSC_1980,
DSC_1981,
DSC_1982,
DSC_1983,
DSC_1984,
DSC_1985,
DSC_1986,
DSC_1987,
DSC_1988,
DSC_1989,
DSC_1990,
DSC_1991,
DSC_1992,
DSC_1993,
DSC_1994,
DSC_1995,
DSC_1996,
DSC_1997,
DSC_1998,
DSC_1999,
DSC_2000,
DSC_2001,
DSC_2002,
DSC_2003,
DSC_2004,
DSC_2005,
DSC_2006,
DSC_2007,
DSC_2008,
DSC_2009,
DSC_2010,
DSC_2011,
DSC_2012,
DSC_2013,
DSC_2014,
DSC_2015,
DSC_2016,
DSC_2017,
DSC_2018,
DSC_2019,
DSC_2020,
DSC_2021,
DSC_2022,
DSC_2023,
DSC_2024,
DSC_2025,
DSC_2026,
DSC_2027,
DSC_2028,
DSC_2029,
DSC_2030,
DSC_2031,
DSC_2032,
DSC_2033,
DSC_2034,
DSC_2035,
DSC_2036,
DSC_2037,
DSC_2038,
DSC_2039,
DSC_2040,
DSC_2041,
DSC_2042,
DSC_2043,
DSC_2044,
DSC_2045,
DSC_2046,
DSC_2047,
DSC_2048,
DSC_2049,
DSC_2050,
DSC_2051,
DSC_2052,
DSC_2053,
DSC_2054,
DSC_2055,
DSC_2056,
DSC_2057,
DSC_2058,
DSC_2059,
DSC_2060,
DSC_2061,
DSC_2062,
DSC_2063,
DSC_2064,
DSC_2065,
DSC_2066,
DSC_2067,
DSC_2068,
DSC_2069,
DSC_2070,
DSC_2071,
DSC_2072,
DSC_2073,
DSC_2074,
DSC_2075,
DSC_2076,
DSC_2077,
DSC_2078,
DSC_2079,
DSC_2080,
DSC_2081,
DSC_2082,
DSC_2083,
DSC_2084,
DSC_2085,
DSC_2086,
DSC_2087,
DSC_2088,
DSC_2089,
DSC_2090,
DSC_2091,
DSC_2092,
DSC_2093,
DSC_2094,
DSC_2095,
DSC_2096,
DSC_2097,
DSC_2098,
DSC_2099,
DSC_2100,
DSC_2101,
DSC_2102,
DSC_2103,
DSC_2104,
DSC_2105,
DSC_2106,
DSC_2107,
DSC_2108,
DSC_2109,
DSC_2110,
DSC_2111,
DSC_2112,
DSC_2113,
DSC_2114,
DSC_2115,
DSC_2116,
DSC_2117,
DSC_2118,
DSC_2119,
DSC_2120,
DSC_2121,
DSC_2122,
DSC_2123,
DSC_2124,
DSC_2125,
DSC_2126,
DSC_2127,
DSC_2128,
DSC_2129,
DSC_2130,
DSC_2131,
DSC_2132,
DSC_2133,
DSC_2134,
DSC_2135,
DSC_2136,
DSC_2137,
DSC_2138,
DSC_2139,
DSC_2140,
DSC_2141,
DSC_2142,
DSC_2143,
DSC_2144,
DSC_2145,
DSC_2146,
DSC_2147,
DSC_2148,
DSC_2149,
DSC_2150,
DSC_2151,
DSC_2152,
DSC_2153,
DSC_2154,
DSC_2155,
DSC_2156,
DSC_2157,
DSC_2158,
DSC_2159,
DSC_2160,
DSC_2161,
DSC_2162,
DSC_2163,
DSC_2164,
DSC_2165,
DSC_2166,
DSC_2167,
DSC_2168,
DSC_2169,
DSC_2170,
DSC_2171,
DSC_2172,
DSC_2173,
DSC_2174,
DSC_2175,
DSC_2176,
DSC_2177,
DSC_2178,
DSC_2179,
DSC_2180,
DSC_2181,
