SrcFile,Page,Notes
urn:cite:hmt:vgf64img.VGF64_1322,,
urn:cite:hmt:vgf64img.VGF64_1323,,
urn:cite:hmt:vgf64img.VGF64_1324,,
urn:cite:hmt:vgf64img.VGF64_1325,,
urn:cite:hmt:vgf64img.VGF64_1326,,
urn:cite:hmt:vgf64img.VGF64_1327,,
urn:cite:hmt:vgf64img.VGF64_1328,,inside-front-cover
urn:cite:hmt:vgf64img.VGF64_1329,urn:cite:hmt:vgf64.2r,ILIAD-Alpha
urn:cite:hmt:vgf64img.VGF64_1330,,
urn:cite:hmt:vgf64img.VGF64_1331,urn:cite:hmt:vgf64.3r,
urn:cite:hmt:vgf64img.VGF64_1332,,
urn:cite:hmt:vgf64img.VGF64_1333,urn:cite:hmt:vgf64.4r,
urn:cite:hmt:vgf64img.VGF64_1334,,
urn:cite:hmt:vgf64img.VGF64_1335,urn:cite:hmt:vgf64.5r,
urn:cite:hmt:vgf64img.VGF64_1336,,
urn:cite:hmt:vgf64img.VGF64_1337,,
urn:cite:hmt:vgf64img.VGF64_1338,,
urn:cite:hmt:vgf64img.VGF64_1339,,
urn:cite:hmt:vgf64img.VGF64_1340,,
urn:cite:hmt:vgf64img.VGF64_1341,urn:cite:hmt:vgf64.8r,
urn:cite:hmt:vgf64img.VGF64_1342,,
urn:cite:hmt:vgf64img.VGF64_1343,,
urn:cite:hmt:vgf64img.VGF64_1344,,
urn:cite:hmt:vgf64img.VGF64_1345,,
urn:cite:hmt:vgf64img.VGF64_1346,,
urn:cite:hmt:vgf64img.VGF64_1347,urn:cite:hmt:vgf64.11r,
urn:cite:hmt:vgf64img.VGF64_1408,,
urn:cite:hmt:vgf64img.VGF64_1409,urn:cite:hmt:vgf64.11r,
urn:cite:hmt:vgf64img.VGF64_1410,urn:cite:hmt:vgf64.11r,
urn:cite:hmt:vgf64img.VGF64_1411,,
urn:cite:hmt:vgf64img.VGF64_1412,,
urn:cite:hmt:vgf64img.VGF64_1413,,
urn:cite:hmt:vgf64img.VGF64_1414,,
urn:cite:hmt:vgf64img.VGF64_1415,,
urn:cite:hmt:vgf64img.VGF64_1416,,
urn:cite:hmt:vgf64img.VGF64_1417,,
urn:cite:hmt:vgf64img.VGF64_1418,,
urn:cite:hmt:vgf64img.VGF64_1419,,
urn:cite:hmt:vgf64img.VGF64_1420,,
urn:cite:hmt:vgf64img.VGF64_1421,,
urn:cite:hmt:vgf64img.VGF64_1422,,
urn:cite:hmt:vgf64img.VGF64_1423,,
urn:cite:hmt:vgf64img.VGF64_1424,,
urn:cite:hmt:vgf64img.VGF64_1425,,
urn:cite:hmt:vgf64img.VGF64_1426,,
urn:cite:hmt:vgf64img.VGF64_1427,,
urn:cite:hmt:vgf64img.VGF64_1428,urn:cite:hmt:vgf64.16r,
urn:cite:hmt:vgf64img.VGF64_1429,,
urn:cite:hmt:vgf64img.VGF64_1430,,
urn:cite:hmt:vgf64img.VGF64_1431,,
urn:cite:hmt:vgf64img.VGF64_1432,,
urn:cite:hmt:vgf64img.VGF64_1433,,
urn:cite:hmt:vgf64img.VGF64_1434,,
urn:cite:hmt:vgf64img.VGF64_1435,,
urn:cite:hmt:vgf64img.VGF64_1436,,
urn:cite:hmt:vgf64img.VGF64_1437,,
urn:cite:hmt:vgf64img.VGF64_1438,urn:cite:hmt:vgf64.20r,
urn:cite:hmt:vgf64img.VGF64_1439,,
urn:cite:hmt:vgf64img.VGF64_1440,,
urn:cite:hmt:vgf64img.VGF64_1441,,UPSIDE-DOWN
urn:cite:hmt:vgf64img.VGF64_1442,urn:cite:hmt:vgf64.22r,
urn:cite:hmt:vgf64img.VGF64_1443,,
urn:cite:hmt:vgf64img.VGF64_1444,,
urn:cite:hmt:vgf64img.VGF64_1445,,
urn:cite:hmt:vgf64img.VGF64_1446,,
urn:cite:hmt:vgf64img.VGF64_1447,urn:cite:hmt:vgf64.24r,
urn:cite:hmt:vgf64img.VGF64_1448,,
urn:cite:hmt:vgf64img.VGF64_1449,,
urn:cite:hmt:vgf64img.VGF64_1450,,
urn:cite:hmt:vgf64img.VGF64_1451,urn:cite:hmt:vgf64.26r,
urn:cite:hmt:vgf64img.VGF64_1452,,
urn:cite:hmt:vgf64img.VGF64_1453,,
urn:cite:hmt:vgf64img.VGF64_1454,,
urn:cite:hmt:vgf64img.VGF64_1455,,
urn:cite:hmt:vgf64img.VGF64_1456,,
urn:cite:hmt:vgf64img.VGF64_1457,,
urn:cite:hmt:vgf64img.VGF64_1458,,
urn:cite:hmt:vgf64img.VGF64_1459,urn:cite:hmt:vgf64.30r,
urn:cite:hmt:vgf64img.VGF64_1460,,
urn:cite:hmt:vgf64img.VGF64_1461,,
urn:cite:hmt:vgf64img.VGF64_1462,,
urn:cite:hmt:vgf64img.VGF64_1463,,
urn:cite:hmt:vgf64img.VGF64_1464,,
urn:cite:hmt:vgf64img.VGF64_1465,,
urn:cite:hmt:vgf64img.VGF64_1466,,
urn:cite:hmt:vgf64img.VGF64_1467,,
urn:cite:hmt:vgf64img.VGF64_1468,,
urn:cite:hmt:vgf64img.VGF64_1469,,
urn:cite:hmt:vgf64img.VGF64_1470,,
urn:cite:hmt:vgf64img.VGF64_1471,,
urn:cite:hmt:vgf64img.VGF64_1472,,
urn:cite:hmt:vgf64img.VGF64_1473,,
urn:cite:hmt:vgf64img.VGF64_1474,,
urn:cite:hmt:vgf64img.VGF64_1475,,
urn:cite:hmt:vgf64img.VGF64_1476,,
urn:cite:hmt:vgf64img.VGF64_1477,,
urn:cite:hmt:vgf64img.VGF64_1478,,
urn:cite:hmt:vgf64img.VGF64_1479,urn:cite:hmt:vgf64.40r,
urn:cite:hmt:vgf64img.VGF64_1480,,
urn:cite:hmt:vgf64img.VGF64_1481,urn:cite:hmt:vgf64.41r,
urn:cite:hmt:vgf64img.VGF64_1482,,
urn:cite:hmt:vgf64img.VGF64_1483,,
urn:cite:hmt:vgf64img.VGF64_1484,,
urn:cite:hmt:vgf64img.VGF64_1485,,
urn:cite:hmt:vgf64img.VGF64_1486,,
urn:cite:hmt:vgf64img.VGF64_1487,,
urn:cite:hmt:vgf64img.VGF64_1488,,
urn:cite:hmt:vgf64img.VGF64_1489,,
urn:cite:hmt:vgf64img.VGF64_1490,,
urn:cite:hmt:vgf64img.VGF64_1491,,
urn:cite:hmt:vgf64img.VGF64_1492,,
urn:cite:hmt:vgf64img.VGF64_1493,,
urn:cite:hmt:vgf64img.VGF64_1494,,
urn:cite:hmt:vgf64img.VGF64_1495,,
urn:cite:hmt:vgf64img.VGF64_1496,,
urn:cite:hmt:vgf64img.VGF64_1497,,
urn:cite:hmt:vgf64img.VGF64_1498,,
urn:cite:hmt:vgf64img.VGF64_1499,,
urn:cite:hmt:vgf64img.VGF64_1500,urn:cite:hmt:vgf64.50r,
urn:cite:hmt:vgf64img.VGF64_1501,,
urn:cite:hmt:vgf64img.VGF64_1502,,
urn:cite:hmt:vgf64img.VGF64_1503,,
urn:cite:hmt:vgf64img.VGF64_1504,,
urn:cite:hmt:vgf64img.VGF64_1505,,
urn:cite:hmt:vgf64img.VGF64_1506,,
urn:cite:hmt:vgf64img.VGF64_1507,,
urn:cite:hmt:vgf64img.VGF64_1508,,
urn:cite:hmt:vgf64img.VGF64_1509,,
urn:cite:hmt:vgf64img.VGF64_1510,,
urn:cite:hmt:vgf64img.VGF64_1511,,
urn:cite:hmt:vgf64img.VGF64_1512,,
urn:cite:hmt:vgf64img.VGF64_1513,,
urn:cite:hmt:vgf64img.VGF64_1514,,
urn:cite:hmt:vgf64img.VGF64_1515,,
urn:cite:hmt:vgf64img.VGF64_1516,,
urn:cite:hmt:vgf64img.VGF64_1517,,
urn:cite:hmt:vgf64img.VGF64_1518,,
urn:cite:hmt:vgf64img.VGF64_1519,,
urn:cite:hmt:vgf64img.VGF64_1520,urn:cite:hmt:vgf64.60r,
urn:cite:hmt:vgf64img.VGF64_1521,,
urn:cite:hmt:vgf64img.VGF64_1522,,
urn:cite:hmt:vgf64img.VGF64_1523,,
urn:cite:hmt:vgf64img.VGF64_1524,,
urn:cite:hmt:vgf64img.VGF64_1525,,
urn:cite:hmt:vgf64img.VGF64_1526,,
urn:cite:hmt:vgf64img.VGF64_1527,,
urn:cite:hmt:vgf64img.VGF64_1528,,
urn:cite:hmt:vgf64img.VGF64_1529,,
urn:cite:hmt:vgf64img.VGF64_1530,,
urn:cite:hmt:vgf64img.VGF64_1531,,
urn:cite:hmt:vgf64img.VGF64_1532,,
urn:cite:hmt:vgf64img.VGF64_1533,,
urn:cite:hmt:vgf64img.VGF64_1534,,
urn:cite:hmt:vgf64img.VGF64_1535,,
urn:cite:hmt:vgf64img.VGF64_1536,,
urn:cite:hmt:vgf64img.VGF64_1537,,
urn:cite:hmt:vgf64img.VGF64_1538,,
urn:cite:hmt:vgf64img.VGF64_1539,,
urn:cite:hmt:vgf64img.VGF64_1540,urn:cite:hmt:vgf64.70r,
urn:cite:hmt:vgf64img.VGF64_1541,,
urn:cite:hmt:vgf64img.VGF64_1542,,
urn:cite:hmt:vgf64img.VGF64_1543,,
urn:cite:hmt:vgf64img.VGF64_1544,,
urn:cite:hmt:vgf64img.VGF64_1545,,
urn:cite:hmt:vgf64img.VGF64_1546,,
urn:cite:hmt:vgf64img.VGF64_1547,,
urn:cite:hmt:vgf64img.VGF64_1548,,
urn:cite:hmt:vgf64img.VGF64_1549,,
urn:cite:hmt:vgf64img.VGF64_1550,,
urn:cite:hmt:vgf64img.VGF64_1551,,
urn:cite:hmt:vgf64img.VGF64_1552,,
urn:cite:hmt:vgf64img.VGF64_1553,,
urn:cite:hmt:vgf64img.VGF64_1554,,
urn:cite:hmt:vgf64img.VGF64_1555,,
urn:cite:hmt:vgf64img.VGF64_1556,,
urn:cite:hmt:vgf64img.VGF64_1557,,
urn:cite:hmt:vgf64img.VGF64_1558,,
urn:cite:hmt:vgf64img.VGF64_1559,,
urn:cite:hmt:vgf64img.VGF64_1560,urn:cite:hmt:vgf64.80r,
urn:cite:hmt:vgf64img.VGF64_1561,,
urn:cite:hmt:vgf64img.VGF64_1562,,
urn:cite:hmt:vgf64img.VGF64_1563,,
urn:cite:hmt:vgf64img.VGF64_1564,,
urn:cite:hmt:vgf64img.VGF64_1565,,
urn:cite:hmt:vgf64img.VGF64_1566,,
urn:cite:hmt:vgf64img.VGF64_1567,,
urn:cite:hmt:vgf64img.VGF64_1568,,
urn:cite:hmt:vgf64img.VGF64_1569,,
urn:cite:hmt:vgf64img.VGF64_1570,urn:cite:hmt:vgf64.85r,
urn:cite:hmt:vgf64img.VGF64_1571,,
urn:cite:hmt:vgf64img.VGF64_1572,,
urn:cite:hmt:vgf64img.VGF64_1573,,
urn:cite:hmt:vgf64img.VGF64_1574,,
urn:cite:hmt:vgf64img.VGF64_1575,,
urn:cite:hmt:vgf64img.VGF64_1576,,
urn:cite:hmt:vgf64img.VGF64_1577,,
urn:cite:hmt:vgf64img.VGF64_1578,,
urn:cite:hmt:vgf64img.VGF64_1579,,
urn:cite:hmt:vgf64img.VGF64_1580,urn:cite:hmt:vgf64.90r,
urn:cite:hmt:vgf64img.VGF64_1581,,
urn:cite:hmt:vgf64img.VGF64_1582,urn:cite:hmt:vgf64.91r,
urn:cite:hmt:vgf64img.VGF64_1583,,
urn:cite:hmt:vgf64img.VGF64_1584,urn:cite:hmt:vgf64.92r,
urn:cite:hmt:vgf64img.VGF64_1585,,
urn:cite:hmt:vgf64img.VGF64_1586,urn:cite:hmt:vgf64.204r,
urn:cite:hmt:vgf64img.VGF64_1587,,
urn:cite:hmt:vgf64img.VGF64_1588,urn:cite:hmt:vgf64.205r,
urn:cite:hmt:vgf64img.VGF64_1589,,
urn:cite:hmt:vgf64img.VGF64_1590,urn:cite:hmt:vgf64.206r,
urn:cite:hmt:vgf64img.VGF64_1591,,
urn:cite:hmt:vgf64img.VGF64_1592,,
urn:cite:hmt:vgf64img.VGF64_1593,,
urn:cite:hmt:vgf64img.VGF64_1594,,
urn:cite:hmt:vgf64img.VGF64_1595,,
urn:cite:hmt:vgf64img.VGF64_1596,,
urn:cite:hmt:vgf64img.VGF64_1597,,
urn:cite:hmt:vgf64img.VGF64_1598,,
urn:cite:hmt:vgf64img.VGF64_1599,,
urn:cite:hmt:vgf64img.VGF64_1600,urn:cite:hmt:vgf64.211r,
urn:cite:hmt:vgf64img.VGF64_1601,,
urn:cite:hmt:vgf64img.VGF64_1602,,
urn:cite:hmt:vgf64img.VGF64_1603,,
urn:cite:hmt:vgf64img.VGF64_1604,,
urn:cite:hmt:vgf64img.VGF64_1605,,
urn:cite:hmt:vgf64img.VGF64_1606,,
urn:cite:hmt:vgf64img.VGF64_1607,,
urn:cite:hmt:vgf64img.VGF64_1608,,
urn:cite:hmt:vgf64img.VGF64_1609,,
urn:cite:hmt:vgf64img.VGF64_1610,,
urn:cite:hmt:vgf64img.VGF64_1611,,
urn:cite:hmt:vgf64img.VGF64_1612,,
urn:cite:hmt:vgf64img.VGF64_1613,,
urn:cite:hmt:vgf64img.VGF64_1614,,
urn:cite:hmt:vgf64img.VGF64_1615,,
urn:cite:hmt:vgf64img.VGF64_1616,,
urn:cite:hmt:vgf64img.VGF64_1617,,
urn:cite:hmt:vgf64img.VGF64_1618,urn:cite:hmt:vgf64.220r,
urn:cite:hmt:vgf64img.VGF64_1619,,
urn:cite:hmt:vgf64img.VGF64_1620,,
urn:cite:hmt:vgf64img.VGF64_1621,,
urn:cite:hmt:vgf64img.VGF64_1622,,
urn:cite:hmt:vgf64img.VGF64_1623,,
urn:cite:hmt:vgf64img.VGF64_1624,,
urn:cite:hmt:vgf64img.VGF64_1625,,
urn:cite:hmt:vgf64img.VGF64_1626,,
urn:cite:hmt:vgf64img.VGF64_1627,,
urn:cite:hmt:vgf64img.VGF64_1628,,
urn:cite:hmt:vgf64img.VGF64_1629,,
urn:cite:hmt:vgf64img.VGF64_1630,,
urn:cite:hmt:vgf64img.VGF64_1631,,
urn:cite:hmt:vgf64img.VGF64_1632,,
urn:cite:hmt:vgf64img.VGF64_1633,,
urn:cite:hmt:vgf64img.VGF64_1634,,
urn:cite:hmt:vgf64img.VGF64_1635,,
urn:cite:hmt:vgf64img.VGF64_1636,,
urn:cite:hmt:vgf64img.VGF64_1637,,
urn:cite:hmt:vgf64img.VGF64_1638,urn:cite:hmt:vgf64.230r,
urn:cite:hmt:vgf64img.VGF64_1639,,
urn:cite:hmt:vgf64img.VGF64_1640,,
urn:cite:hmt:vgf64img.VGF64_1641,,
urn:cite:hmt:vgf64img.VGF64_1642,,
urn:cite:hmt:vgf64img.VGF64_1643,,
urn:cite:hmt:vgf64img.VGF64_1644,,
urn:cite:hmt:vgf64img.VGF64_1645,,
urn:cite:hmt:vgf64img.VGF64_1646,,
urn:cite:hmt:vgf64img.VGF64_1647,,
urn:cite:hmt:vgf64img.VGF64_1648,,
urn:cite:hmt:vgf64img.VGF64_1649,,
urn:cite:hmt:vgf64img.VGF64_1650,,
urn:cite:hmt:vgf64img.VGF64_1651,,
urn:cite:hmt:vgf64img.VGF64_1652,,
urn:cite:hmt:vgf64img.VGF64_1653,,
urn:cite:hmt:vgf64img.VGF64_1654,,
urn:cite:hmt:vgf64img.VGF64_1655,,
urn:cite:hmt:vgf64img.VGF64_1656,,
urn:cite:hmt:vgf64img.VGF64_1657,,
urn:cite:hmt:vgf64img.VGF64_1658,,
urn:cite:hmt:vgf64img.VGF64_1659,,
urn:cite:hmt:vgf64img.VGF64_1660,,
urn:cite:hmt:vgf64img.VGF64_1661,,
urn:cite:hmt:vgf64img.VGF64_1662,,
urn:cite:hmt:vgf64img.VGF64_1663,,
urn:cite:hmt:vgf64img.VGF64_1664,,
urn:cite:hmt:vgf64img.VGF64_1665,,
urn:cite:hmt:vgf64img.VGF64_1666,,
urn:cite:hmt:vgf64img.VGF64_1667,,
urn:cite:hmt:vgf64img.VGF64_1668,,
urn:cite:hmt:vgf64img.VGF64_1669,,
urn:cite:hmt:vgf64img.VGF64_1670,,
urn:cite:hmt:vgf64img.VGF64_1671,urn:cite:hmt:vgf64.246r,
urn:cite:hmt:vgf64img.VGF64_1672,,
urn:cite:hmt:vgf64img.VGF64_1673,,
urn:cite:hmt:vgf64img.VGF64_1674,,
urn:cite:hmt:vgf64img.VGF64_1675,,
urn:cite:hmt:vgf64img.VGF64_1676,,
urn:cite:hmt:vgf64img.VGF64_1677,,
urn:cite:hmt:vgf64img.VGF64_1678,,
urn:cite:hmt:vgf64img.VGF64_1679,urn:cite:hmt:vgf64.250r,
urn:cite:hmt:vgf64img.VGF64_1680,,
urn:cite:hmt:vgf64img.VGF64_1681,,
urn:cite:hmt:vgf64img.VGF64_1682,,
urn:cite:hmt:vgf64img.VGF64_1683,,
urn:cite:hmt:vgf64img.VGF64_1684,,
urn:cite:hmt:vgf64img.VGF64_1685,,
urn:cite:hmt:vgf64img.VGF64_1686,,
urn:cite:hmt:vgf64img.VGF64_1687,,
urn:cite:hmt:vgf64img.VGF64_1688,,
urn:cite:hmt:vgf64img.VGF64_1689,,
urn:cite:hmt:vgf64img.VGF64_1690,,
urn:cite:hmt:vgf64img.VGF64_1691,urn:cite:hmt:vgf64.256r,
urn:cite:hmt:vgf64img.VGF64_1692,,
urn:cite:hmt:vgf64img.VGF64_1693,,
urn:cite:hmt:vgf64img.VGF64_1694,,
urn:cite:hmt:vgf64img.VGF64_1695,,
urn:cite:hmt:vgf64img.VGF64_1696,,
urn:cite:hmt:vgf64img.VGF64_1697,,
urn:cite:hmt:vgf64img.VGF64_1698,,
urn:cite:hmt:vgf64img.VGF64_1699,,
urn:cite:hmt:vgf64img.VGF64_1700,,
urn:cite:hmt:vgf64img.VGF64_1701,,
urn:cite:hmt:vgf64img.VGF64_1702,,
urn:cite:hmt:vgf64img.VGF64_1703,,
urn:cite:hmt:vgf64img.VGF64_1704,,
urn:cite:hmt:vgf64img.VGF64_1705,,
urn:cite:hmt:vgf64img.VGF64_1706,,
urn:cite:hmt:vgf64img.VGF64_1707,,
urn:cite:hmt:vgf64img.VGF64_1708,,
urn:cite:hmt:vgf64img.VGF64_1709,,
urn:cite:hmt:vgf64img.VGF64_1710,urn:cite:hmt:vgf64.265r,
urn:cite:hmt:vgf64img.VGF64_1711,,
urn:cite:hmt:vgf64img.VGF64_1712,,
urn:cite:hmt:vgf64img.VGF64_1713,,
urn:cite:hmt:vgf64img.VGF64_1714,,
urn:cite:hmt:vgf64img.VGF64_1715,,
urn:cite:hmt:vgf64img.VGF64_1716,urn:cite:hmt:vgf64.268r,
urn:cite:hmt:vgf64img.VGF64_1814,,BEGINNING-ILIAD-5
urn:cite:hmt:vgf64img.VGF64_1815,urn:cite:hmt:vgf64.92r,
urn:cite:hmt:vgf64img.VGF64_1816,,
urn:cite:hmt:vgf64img.VGF64_1817,urn:cite:hmt:vgf64.93r,
urn:cite:hmt:vgf64img.VGF64_1818,,
urn:cite:hmt:vgf64img.VGF64_1819,,
urn:cite:hmt:vgf64img.VGF64_1820,,
urn:cite:hmt:vgf64img.VGF64_1821,,
urn:cite:hmt:vgf64img.VGF64_1822,,
urn:cite:hmt:vgf64img.VGF64_1823,,
urn:cite:hmt:vgf64img.VGF64_1824,,
urn:cite:hmt:vgf64img.VGF64_1825,,
urn:cite:hmt:vgf64img.VGF64_1826,,
urn:cite:hmt:vgf64img.VGF64_1827,urn:cite:hmt:vgf64.98r,
urn:cite:hmt:vgf64img.VGF64_1828,,
urn:cite:hmt:vgf64img.VGF64_1829,,
urn:cite:hmt:vgf64img.VGF64_1830,,
urn:cite:hmt:vgf64img.VGF64_1831,,
urn:cite:hmt:vgf64img.VGF64_1832,,
urn:cite:hmt:vgf64img.VGF64_1833,urn:cite:hmt:vgf64.101r,
urn:cite:hmt:vgf64img.VGF64_1834,,
urn:cite:hmt:vgf64img.VGF64_1835,urn:cite:hmt:vgf64.102r,
urn:cite:hmt:vgf64img.VGF64_1836,,
urn:cite:hmt:vgf64img.VGF64_1837,,
urn:cite:hmt:vgf64img.VGF64_1838,,
urn:cite:hmt:vgf64img.VGF64_1839,,
urn:cite:hmt:vgf64img.VGF64_1840,,
urn:cite:hmt:vgf64img.VGF64_1841,,
urn:cite:hmt:vgf64img.VGF64_1842,,
urn:cite:hmt:vgf64img.VGF64_1843,,
urn:cite:hmt:vgf64img.VGF64_1844,,
urn:cite:hmt:vgf64img.VGF64_1845,urn:cite:hmt:vgf64.107r,
urn:cite:hmt:vgf64img.VGF64_1846,,
urn:cite:hmt:vgf64img.VGF64_1847,,
urn:cite:hmt:vgf64img.VGF64_1848,,
urn:cite:hmt:vgf64img.VGF64_1849,,
urn:cite:hmt:vgf64img.VGF64_1850,,
urn:cite:hmt:vgf64img.VGF64_1851,,
urn:cite:hmt:vgf64img.VGF64_1852,urn:cite:hmt:vgf64.110r,
urn:cite:hmt:vgf64img.VGF64_1853,,
urn:cite:hmt:vgf64img.VGF64_1854,,
urn:cite:hmt:vgf64img.VGF64_1855,,
urn:cite:hmt:vgf64img.VGF64_1856,urn:cite:hmt:vgf64.112r,
urn:cite:hmt:vgf64img.VGF64_1857,,
urn:cite:hmt:vgf64img.VGF64_1858,,
urn:cite:hmt:vgf64img.VGF64_1859,,
urn:cite:hmt:vgf64img.VGF64_1860,,
urn:cite:hmt:vgf64img.VGF64_1861,,
urn:cite:hmt:vgf64img.VGF64_1862,urn:cite:hmt:vgf64.115r,
urn:cite:hmt:vgf64img.VGF64_1863,,
urn:cite:hmt:vgf64img.VGF64_1864,,
urn:cite:hmt:vgf64img.VGF64_1865,,
urn:cite:hmt:vgf64img.VGF64_1866,,
urn:cite:hmt:vgf64img.VGF64_1867,,
urn:cite:hmt:vgf64img.VGF64_1868,,
urn:cite:hmt:vgf64img.VGF64_1869,,
urn:cite:hmt:vgf64img.VGF64_1870,,
urn:cite:hmt:vgf64img.VGF64_1871,,
urn:cite:hmt:vgf64img.VGF64_1872,urn:cite:hmt:vgf64.120r,
urn:cite:hmt:vgf64img.VGF64_1873,,
urn:cite:hmt:vgf64img.VGF64_1874,,
urn:cite:hmt:vgf64img.VGF64_1875,,
urn:cite:hmt:vgf64img.VGF64_1876,urn:cite:hmt:vgf64.122r,
urn:cite:hmt:vgf64img.VGF64_1877,,
urn:cite:hmt:vgf64img.VGF64_1878,,
urn:cite:hmt:vgf64img.VGF64_1879,,
urn:cite:hmt:vgf64img.VGF64_1880,,
urn:cite:hmt:vgf64img.VGF64_1881,,
urn:cite:hmt:vgf64img.VGF64_1882,,
urn:cite:hmt:vgf64img.VGF64_1883,,
urn:cite:hmt:vgf64img.VGF64_1884,,
urn:cite:hmt:vgf64img.VGF64_1885,,
urn:cite:hmt:vgf64img.VGF64_1886,,
urn:cite:hmt:vgf64img.VGF64_1887,,
urn:cite:hmt:vgf64img.VGF64_1888,,
urn:cite:hmt:vgf64img.VGF64_1889,,
urn:cite:hmt:vgf64img.VGF64_1890,urn:cite:hmt:vgf64.129r,
urn:cite:hmt:vgf64img.VGF64_1891,,
urn:cite:hmt:vgf64img.VGF64_1892,urn:cite:hmt:vgf64.130r,
urn:cite:hmt:vgf64img.VGF64_1893,,
urn:cite:hmt:vgf64img.VGF64_1894,,
urn:cite:hmt:vgf64img.VGF64_1895,,
urn:cite:hmt:vgf64img.VGF64_1896,,
urn:cite:hmt:vgf64img.VGF64_1897,,
urn:cite:hmt:vgf64img.VGF64_1898,,
urn:cite:hmt:vgf64img.VGF64_1899,,
urn:cite:hmt:vgf64img.VGF64_1900,urn:cite:hmt:vgf64.134r,
urn:cite:hmt:vgf64img.VGF64_1901,,
urn:cite:hmt:vgf64img.VGF64_1902,,
urn:cite:hmt:vgf64img.VGF64_1903,,
urn:cite:hmt:vgf64img.VGF64_1904,,
urn:cite:hmt:vgf64img.VGF64_1905,,
urn:cite:hmt:vgf64img.VGF64_1906,,
urn:cite:hmt:vgf64img.VGF64_1907,,
urn:cite:hmt:vgf64img.VGF64_1908,,
urn:cite:hmt:vgf64img.VGF64_1909,,
urn:cite:hmt:vgf64img.VGF64_1910,,
urn:cite:hmt:vgf64img.VGF64_1911,,
urn:cite:hmt:vgf64img.VGF64_1912,urn:cite:hmt:vgf64.140r,
urn:cite:hmt:vgf64img.VGF64_1913,,
urn:cite:hmt:vgf64img.VGF64_1914,,
urn:cite:hmt:vgf64img.VGF64_1915,,
urn:cite:hmt:vgf64img.VGF64_1916,,
urn:cite:hmt:vgf64img.VGF64_1917,,
urn:cite:hmt:vgf64img.VGF64_1918,,
urn:cite:hmt:vgf64img.VGF64_1919,,
urn:cite:hmt:vgf64img.VGF64_1920,,
urn:cite:hmt:vgf64img.VGF64_1921,,
urn:cite:hmt:vgf64img.VGF64_1922,,
urn:cite:hmt:vgf64img.VGF64_1923,,
urn:cite:hmt:vgf64img.VGF64_1924,,
urn:cite:hmt:vgf64img.VGF64_1925,,
urn:cite:hmt:vgf64img.VGF64_1926,,
urn:cite:hmt:vgf64img.VGF64_1927,,
urn:cite:hmt:vgf64img.VGF64_1928,,
urn:cite:hmt:vgf64img.VGF64_1929,,
urn:cite:hmt:vgf64img.VGF64_1930,,
urn:cite:hmt:vgf64img.VGF64_1931,,
urn:cite:hmt:vgf64img.VGF64_1932,urn:cite:hmt:vgf64.150r,
urn:cite:hmt:vgf64img.VGF64_1933,,
urn:cite:hmt:vgf64img.VGF64_1934,,
urn:cite:hmt:vgf64img.VGF64_1935,,
urn:cite:hmt:vgf64img.VGF64_1936,,
urn:cite:hmt:vgf64img.VGF64_1937,,
urn:cite:hmt:vgf64img.VGF64_1938,,
urn:cite:hmt:vgf64img.VGF64_1939,,
urn:cite:hmt:vgf64img.VGF64_1940,,
urn:cite:hmt:vgf64img.VGF64_1941,,
urn:cite:hmt:vgf64img.VGF64_1942,urn:cite:hmt:vgf64.155r,
urn:cite:hmt:vgf64img.VGF64_1943,,
urn:cite:hmt:vgf64img.VGF64_1944,,
urn:cite:hmt:vgf64img.VGF64_1945,,
urn:cite:hmt:vgf64img.VGF64_1946,,
urn:cite:hmt:vgf64img.VGF64_1947,,
urn:cite:hmt:vgf64img.VGF64_1948,,
urn:cite:hmt:vgf64img.VGF64_1949,,
urn:cite:hmt:vgf64img.VGF64_1950,,
urn:cite:hmt:vgf64img.VGF64_1951,,
urn:cite:hmt:vgf64img.VGF64_1952,urn:cite:hmt:vgf64.160r,
urn:cite:hmt:vgf64img.VGF64_1953,,
urn:cite:hmt:vgf64img.VGF64_1954,,
urn:cite:hmt:vgf64img.VGF64_1955,,
urn:cite:hmt:vgf64img.VGF64_1956,,
urn:cite:hmt:vgf64img.VGF64_1957,,
urn:cite:hmt:vgf64img.VGF64_1958,,
urn:cite:hmt:vgf64img.VGF64_1959,,
urn:cite:hmt:vgf64img.VGF64_1960,,
urn:cite:hmt:vgf64img.VGF64_1961,,
urn:cite:hmt:vgf64img.VGF64_1962,,
urn:cite:hmt:vgf64img.VGF64_1963,,
urn:cite:hmt:vgf64img.VGF64_1964,,
urn:cite:hmt:vgf64img.VGF64_1965,,
urn:cite:hmt:vgf64img.VGF64_1966,,
urn:cite:hmt:vgf64img.VGF64_1967,,
urn:cite:hmt:vgf64img.VGF64_1968,,
urn:cite:hmt:vgf64img.VGF64_1969,,
urn:cite:hmt:vgf64img.VGF64_1970,,
urn:cite:hmt:vgf64img.VGF64_1971,,
urn:cite:hmt:vgf64img.VGF64_1972,urn:cite:hmt:vgf64.170r,
urn:cite:hmt:vgf64img.VGF64_1973,,
urn:cite:hmt:vgf64img.VGF64_1974,,
urn:cite:hmt:vgf64img.VGF64_1975,,
urn:cite:hmt:vgf64img.VGF64_1976,,
urn:cite:hmt:vgf64img.VGF64_1977,,
urn:cite:hmt:vgf64img.VGF64_1978,,
urn:cite:hmt:vgf64img.VGF64_1979,,
urn:cite:hmt:vgf64img.VGF64_1980,,
urn:cite:hmt:vgf64img.VGF64_1981,,
urn:cite:hmt:vgf64img.VGF64_1982,urn:cite:hmt:vgf64.175r,
urn:cite:hmt:vgf64img.VGF64_1983,,
urn:cite:hmt:vgf64img.VGF64_1984,,
urn:cite:hmt:vgf64img.VGF64_1985,,
urn:cite:hmt:vgf64img.VGF64_1986,,
urn:cite:hmt:vgf64img.VGF64_1987,,
urn:cite:hmt:vgf64img.VGF64_1988,,
urn:cite:hmt:vgf64img.VGF64_1989,,
urn:cite:hmt:vgf64img.VGF64_1990,,
urn:cite:hmt:vgf64img.VGF64_1991,,
urn:cite:hmt:vgf64img.VGF64_1992,,
urn:cite:hmt:vgf64img.VGF64_1993,,
urn:cite:hmt:vgf64img.VGF64_1994,,
urn:cite:hmt:vgf64img.VGF64_1995,,
urn:cite:hmt:vgf64img.VGF64_1996,,
urn:cite:hmt:vgf64img.VGF64_1997,,
urn:cite:hmt:vgf64img.VGF64_1998,,
urn:cite:hmt:vgf64img.VGF64_1999,,
urn:cite:hmt:vgf64img.VGF64_2000,,
urn:cite:hmt:vgf64img.VGF64_2001,,
urn:cite:hmt:vgf64img.VGF64_2002,,
urn:cite:hmt:vgf64img.VGF64_2003,,
urn:cite:hmt:vgf64img.VGF64_2004,urn:cite:hmt:vgf64.186r,
urn:cite:hmt:vgf64img.VGF64_2005,,
urn:cite:hmt:vgf64img.VGF64_2006,,
urn:cite:hmt:vgf64img.VGF64_2007,,
urn:cite:hmt:vgf64img.VGF64_2008,,
urn:cite:hmt:vgf64img.VGF64_2009,,
urn:cite:hmt:vgf64img.VGF64_2010,,
urn:cite:hmt:vgf64img.VGF64_2011,,
urn:cite:hmt:vgf64img.VGF64_2012,urn:cite:hmt:vgf64.190r,
urn:cite:hmt:vgf64img.VGF64_2013,,
urn:cite:hmt:vgf64img.VGF64_2014,,
urn:cite:hmt:vgf64img.VGF64_2015,,
urn:cite:hmt:vgf64img.VGF64_2016,,
urn:cite:hmt:vgf64img.VGF64_2017,,
urn:cite:hmt:vgf64img.VGF64_2018,,
urn:cite:hmt:vgf64img.VGF64_2019,,
urn:cite:hmt:vgf64img.VGF64_2020,,
urn:cite:hmt:vgf64img.VGF64_2021,,
urn:cite:hmt:vgf64img.VGF64_2022,,
urn:cite:hmt:vgf64img.VGF64_2023,,
urn:cite:hmt:vgf64img.VGF64_2024,urn:cite:hmt:vgf64.196r,
urn:cite:hmt:vgf64img.VGF64_2025,,
urn:cite:hmt:vgf64img.VGF64_2026,,
urn:cite:hmt:vgf64img.VGF64_2027,,
urn:cite:hmt:vgf64img.VGF64_2028,,
urn:cite:hmt:vgf64img.VGF64_2029,,
urn:cite:hmt:vgf64img.VGF64_2030,,
urn:cite:hmt:vgf64img.VGF64_2031,,
urn:cite:hmt:vgf64img.VGF64_2032,,
urn:cite:hmt:vgf64img.VGF64_2033,,
urn:cite:hmt:vgf64img.VGF64_2034,urn:cite:hmt:vgf64.201r,
urn:cite:hmt:vgf64img.VGF64_2035,,
urn:cite:hmt:vgf64img.VGF64_2036,,
urn:cite:hmt:vgf64img.VGF64_2037,,
urn:cite:hmt:vgf64img.VGF64_2038,,
urn:cite:hmt:vgf64img.VGF64_2039,,
urn:cite:hmt:vgf64img.VGF64_2040,urn:cite:hmt:vgf64.204r,
urn:cite:hmt:vgf64img.VGF64_2041,,
urn:cite:hmt:vgf64img.VGF64_2042,urn:cite:hmt:vgf64.268r,ILIAD-NU
urn:cite:hmt:vgf64img.VGF64_2043,,
urn:cite:hmt:vgf64img.VGF64_2044,urn:cite:hmt:vgf64.269r,
urn:cite:hmt:vgf64img.VGF64_2045,,
urn:cite:hmt:vgf64img.VGF64_2046,urn:cite:hmt:vgf64.270r,
urn:cite:hmt:vgf64img.VGF64_2047,,
urn:cite:hmt:vgf64img.VGF64_2048,,
urn:cite:hmt:vgf64img.VGF64_2049,,
urn:cite:hmt:vgf64img.VGF64_2050,,
urn:cite:hmt:vgf64img.VGF64_2051,,
urn:cite:hmt:vgf64img.VGF64_2052,,
urn:cite:hmt:vgf64img.VGF64_2053,,
urn:cite:hmt:vgf64img.VGF64_2054,,
urn:cite:hmt:vgf64img.VGF64_2055,,
urn:cite:hmt:vgf64img.VGF64_2056,,
urn:cite:hmt:vgf64img.VGF64_2057,,
urn:cite:hmt:vgf64img.VGF64_2058,,
urn:cite:hmt:vgf64img.VGF64_2059,,
urn:cite:hmt:vgf64img.VGF64_2060,,
urn:cite:hmt:vgf64img.VGF64_2061,,
urn:cite:hmt:vgf64img.VGF64_2062,,
urn:cite:hmt:vgf64img.VGF64_2063,,
urn:cite:hmt:vgf64img.VGF64_2064,,
urn:cite:hmt:vgf64img.VGF64_2065,,
urn:cite:hmt:vgf64img.VGF64_2066,urn:cite:hmt:vgf64.280r,
urn:cite:hmt:vgf64img.VGF64_2067,,
urn:cite:hmt:vgf64img.VGF64_2068,,
urn:cite:hmt:vgf64img.VGF64_2069,,
urn:cite:hmt:vgf64img.VGF64_2070,,
urn:cite:hmt:vgf64img.VGF64_2071,,
urn:cite:hmt:vgf64img.VGF64_2072,,
urn:cite:hmt:vgf64img.VGF64_2073,,
urn:cite:hmt:vgf64img.VGF64_2074,,
urn:cite:hmt:vgf64img.VGF64_2075,,
urn:cite:hmt:vgf64img.VGF64_2076,urn:cite:hmt:vgf64.285r,
urn:cite:hmt:vgf64img.VGF64_2077,,
urn:cite:hmt:vgf64img.VGF64_2078,,
urn:cite:hmt:vgf64img.VGF64_2079,,
urn:cite:hmt:vgf64img.VGF64_2080,urn:cite:hmt:vgf64.287r,
urn:cite:hmt:vgf64img.VGF64_2081,,
urn:cite:hmt:vgf64img.VGF64_2082,,
urn:cite:hmt:vgf64img.VGF64_2083,,
urn:cite:hmt:vgf64img.VGF64_2084,,
urn:cite:hmt:vgf64img.VGF64_2085,,
urn:cite:hmt:vgf64img.VGF64_2086,urn:cite:hmt:vgf64.290r,
urn:cite:hmt:vgf64img.VGF64_2087,,
urn:cite:hmt:vgf64img.VGF64_2088,,
urn:cite:hmt:vgf64img.VGF64_2089,,
urn:cite:hmt:vgf64img.VGF64_2090,,
urn:cite:hmt:vgf64img.VGF64_2091,,
urn:cite:hmt:vgf64img.VGF64_2092,,
urn:cite:hmt:vgf64img.VGF64_2093,,
urn:cite:hmt:vgf64img.VGF64_2094,,
urn:cite:hmt:vgf64img.VGF64_2095,,
urn:cite:hmt:vgf64img.VGF64_2096,,
urn:cite:hmt:vgf64img.VGF64_2097,,
urn:cite:hmt:vgf64img.VGF64_2098,,
urn:cite:hmt:vgf64img.VGF64_2099,,
urn:cite:hmt:vgf64img.VGF64_2100,urn:cite:hmt:vgf64.297r,
